<?xml version="1.0" encoding="UTF-8"?>
<project-private xmlns="http://www.netbeans.org/ns/project-private/1">
    <editor-bookmarks xmlns="http://www.netbeans.org/ns/editor-bookmarks/2" lastBookmarkId="0"/>
    <open-files xmlns="http://www.netbeans.org/ns/projectui-open-files/2">
        <group>
            <file>file:/var/www/html/LetsVolunteer/src/Ridwan/SiteBundle/Controller/AuthenticationController.php</file>
            <file>file:/var/www/html/LetsVolunteer/src/Ridwan/SiteBundle/Resources/config/services.yml</file>
            <file>file:/var/www/html/LetsVolunteer/src/Ridwan/SiteBundle/Controller/SigningController.php</file>
            <file>file:/var/www/html/LetsVolunteer/src/Ridwan/EntityBundle/Entity/Authentication.php</file>
            <file>file:/var/www/html/LetsVolunteer/src/Ridwan/EntityBundle/Resources/config/doctrine/Authentication.orm.xml</file>
        </group>
    </open-files>
</project-private>
