<?xml version="1.0" encoding="utf-8"?>
<doctrine-mapping xmlns="http://doctrine-project.org/schemas/orm/doctrine-mapping" xmlns:xsi="http://www.w3.org/2001/XMLSchema-instance" xsi:schemaLocation="http://doctrine-project.org/schemas/orm/doctrine-mapping http://doctrine-project.org/schemas/orm/doctrine-mapping.xsd">
  <entity name="Ridwan\EntityBundle\Entity\Volunteerpersonal" table="VolunteerPersonal">
    <unique-constraints>
      <unique-constraint name="nicORpassport_UNIQUE" columns="nicORpassport"/>
        <unique-constraint name="user_UNIQUE" columns="user"/>
    </unique-constraints>
    <id name="id" type="integer" column="id">
      <generator strategy="IDENTITY"/>
    </id>
    <field name="firstname" type="string" column="firstname" length="45" nullable="false"/>
    <field name="lastname" type="string" column="lastname" length="90" nullable="false"/>
    <field name="nicorpassport" type="string" column="nicORpassport" length="45" nullable="false"/>
    <field name="gender" type="string" column="Gender" nullable="false"/>
    <field name="dateofbirth" type="text" column="dateofbirth" nullable="false"/>
    <field name="nationality" type="string" column="Nationality" length="45" nullable="false"/>
    <field name="category" type="string" column="Category" length="45" nullable="false"/>
    <field name="civilstatus" type="boolean" column="CivilStatus" nullable="false"/>
    <field name="status" type="smallint" column="status" nullable="false"/>

      <many-to-one field="user" target-entity="Authentication">
          <join-columns>
              <join-column name="user" referenced-column-name="id"/>
          </join-columns>
      </many-to-one>
  </entity>
</doctrine-mapping>
